{
    "technique": 0,
    "emitters": {
        "GROUND": {
            "corr": 0.275361381284006,
            "data": [
                [
                    778,
                    378,
                    6377999.941347757
                ],
                [
                    168,
                    476,
                    6377999.980025087
                ],
                [
                    -213,
                    -782,
                    6377999.948503214
                ],
                [
                    -578,
                    -378,
                    6377999.962608341
                ],
                [
                    -452,
                    -250,
                    6377999.979084039
                ],
                [
                    -348,
                    -353,
                    6377999.980737457
                ]
            ]
        },
        "GPS": {
            "corr": 0.3476281683623633,
            "data": [
                [
                    4911350,
                    -4152183,
                    25767525.715753365
                ],
                [
                    302746,
                    -2961682,
                    26390607.203896616
                ],
                [
                    6003943,
                    -2315820,
                    25766587.08832722
                ],
                [
                    2509774,
                    -5462537,
                    25868689.336581297
                ],
                [
                    2751828,
                    5629463,
                    25808214.8353978
                ],
                [
                    4102738,
                    6314225,
                    25468126.50260578
                ]
            ]
        },
        "GLONASS": {
            "corr": 0.2639697704204321,
            "data": [
                [
                    -2153842,
                    -609308,
                    25419638.714981217
                ],
                [
                    2063282,
                    -3473251,
                    25196184.609568868
                ],
                [
                    -3564282,
                    -2424642,
                    25151249.05439712
                ],
                [
                    -6358620,
                    -2343532,
                    24601709.970255643
                ],
                [
                    -852240,
                    2147015,
                    25413231.545243807
                ],
                [
                    3251084,
                    3404000,
                    25080102.88704861
                ]
            ]
        },
        "GALILEO": {
            "corr": 0.6428007439328369,
            "data": [
                [
                    5464467,
                    3525816,
                    28876776.51574107
                ],
                [
                    1712481,
                    -1833685,
                    29493473.992485423
                ],
                [
                    549946,
                    5097631,
                    29152559.36594458
                ],
                [
                    1099049,
                    -3489615,
                    29373026.37535625
                ],
                [
                    -5047835,
                    3923977,
                    28901241.60509797
                ],
                [
                    1880560,
                    1503006,
                    29501940.055704203
                ]
            ]
        }
    }
}