{
    "technique": 0,
    "emitters": {
        "GROUND": {
            "corr": 1.6613901593924953,
            "data": [
                [
                    989,
                    666,
                    6377999.888548369
                ],
                [
                    85,
                    -378,
                    6377999.988232283
                ],
                [
                    337,
                    416,
                    6377999.977530181
                ],
                [
                    755,
                    -556,
                    6377999.93107863
                ],
                [
                    45,
                    254,
                    6377999.994783553
                ],
                [
                    -592,
                    -645,
                    6377999.939911492
                ]
            ]
        },
        "GPS": {
            "corr": 1.5793010858044283,
            "data": [
                [
                    4242701,
                    3054675,
                    26038352.729559794
                ],
                [
                    360405,
                    -1839014,
                    26491800.61346867
                ],
                [
                    -6104392,
                    333695,
                    25844775.29322534
                ],
                [
                    -1650178,
                    -1736203,
                    26449761.354520895
                ],
                [
                    3666282,
                    4121915,
                    25978752.029865697
                ],
                [
                    -4455757,
                    3655582,
                    25925090.42989488
                ]
            ]
        },
        "GLONASS": {
            "corr": 0.8073121002480013,
            "data": [
                [
                    -458457,
                    -2328163,
                    25407435.8844922
                ],
                [
                    1353214,
                    -4370372,
                    25104521.195430517
                ],
                [
                    4992520,
                    2517568,
                    24897889.858680315
                ],
                [
                    4386623,
                    -4390520,
                    24751751.38824465
                ],
                [
                    -1215800,
                    5867174,
                    24804564.572145265
                ],
                [
                    1084800,
                    -6302429,
                    24703662.110301763
                ]
            ]
        },
        "GALILEO": {
            "corr": 0.6174018804248913,
            "data": [
                [
                    3296517,
                    -1189851,
                    29391788.483631104
                ],
                [
                    5584921,
                    -2025163,
                    28997713.22444565
                ],
                [
                    4790832,
                    3078486,
                    29047045.50716957
                ],
                [
                    3998622,
                    -5006795,
                    28898149.178262107
                ],
                [
                    745723,
                    -3260012,
                    29410478.047238998
                ],
                [
                    -6215579,
                    -5040431,
                    28497730.313640732
                ]
            ]
        }
    }
}