{
    "technique": 0,
    "emitters": {
        "GROUND": {
            "corr": 0.3392979906454102,
            "data": [
                [
                    323219,
                    2946888,
                    5647146.588631731
                ],
                [
                    -2469490,
                    -54409,
                    5880267.238877754
                ],
                [
                    -1092350,
                    1017470,
                    6200839.481602471
                ],
                [
                    2407715,
                    -1254630,
                    5771282.0102534415
                ],
                [
                    -1007788,
                    2771552,
                    5655240.654326922
                ],
                [
                    2432564,
                    692957,
                    5855025.788333899
                ]
            ]
        },
        "GPS": {
            "corr": 0.22181040402495433,
            "data": [
                [
                    -2422878,
                    -1164316,
                    26421608.475815017
                ],
                [
                    1924697,
                    1338572,
                    26454321.583798118
                ],
                [
                    -2414700,
                    639070,
                    26440275.668856025
                ],
                [
                    -472935,
                    -2127026,
                    26468461.551081866
                ],
                [
                    627614,
                    1716505,
                    26495038.6912716
                ],
                [
                    -1204271,
                    -369690,
                    26528106.315047424
                ]
            ]
        },
        "GLONASS": {
            "corr": 0.7493884290439891,
            "data": [
                [
                    1485766,
                    -1714946,
                    25416919.23916681
                ],
                [
                    1347840,
                    2484947,
                    25360928.408510424
                ],
                [
                    1460295,
                    2157825,
                    25384634.20619549
                ],
                [
                    915537,
                    -751015,
                    25490509.85114668
                ],
                [
                    846428,
                    -368536,
                    25501295.356462188
                ],
                [
                    -1592252,
                    -845238,
                    25454245.820527703
                ]
            ]
        },
        "GALILEO": {
            "corr": 0.11980622561062115,
            "data": [
                [
                    -2359273,
                    306079,
                    29504239.46752788
                ],
                [
                    -1560070,
                    565592,
                    29553447.976245277
                ],
                [
                    -238934,
                    -185853,
                    29598452.142063696
                ],
                [
                    2333608,
                    426872,
                    29504780.188944843
                ],
                [
                    719954,
                    2662693,
                    29471201.74383181
                ],
                [
                    -2718043,
                    2892060,
                    29332716.05573802
                ]
            ]
        }
    }
}